Vorname;Nachname;Gewicht;Groesse;Bmi
Horst;Schlemmer;100;168;35.43083900226758
Pia;Flitzebogen;55;164;20.449137418203453
Fritz;Penker;56;180;17.28395061728395
Martin;Ludolf;88;171;30.094730002393902
